0,1
dataset_gris\56841.jpg,56841
dataset_gris\29069.jpg,29069
dataset_gris\45000.jpg,45000
dataset_gris\49654.jpg,49654
dataset_gris\554.jpg,554
dataset_gris\28642.jpg,28642
dataset_gris\45019.jpg,45019
dataset_gris\79353.jpg,79353
dataset_gris\30323.jpg,30323
dataset_gris\63474.jpg,63474
dataset_gris\90558.jpg,90558
dataset_gris\64468.jpg,64468
dataset_gris\74875.jpg,74875
dataset_gris\73836.jpg,73836
dataset_gris\60460.jpg,60460
dataset_gris\29372.jpg,29372
dataset_gris\75597.jpg,75597
dataset_gris\87610.jpg,87610
dataset_gris\53185.jpg,53185
dataset_gris\60969.jpg,60969
dataset_gris\47126.jpg,47126
dataset_gris\35718.jpg,35718
dataset_gris\45059.jpg,45059
dataset_gris\38999.jpg,38999
dataset_gris\34871.jpg,34871
dataset_gris\66033.jpg,66033
dataset_gris\75759.jpg,75759
dataset_gris\76240.jpg,76240
dataset_gris\58680.jpg,58680
dataset_gris\1321.jpg,1321
dataset_gris\96526.jpg,96526
dataset_gris\33429.jpg,33429
dataset_gris\17045.jpg,17045
dataset_gris\77865.jpg,77865
dataset_gris\10838.jpg,10838
dataset_gris\37352.jpg,37352
dataset_gris\29378.jpg,29378
dataset_gris\76003.jpg,76003
dataset_gris\83760.jpg,83760
dataset_gris\58017.jpg,58017
dataset_gris\66891.jpg,66891
dataset_gris\38489.jpg,38489
dataset_gris\97233.jpg,97233
dataset_gris\65042.jpg,65042
dataset_gris\69295.jpg,69295
dataset_gris\10001.jpg,10001
dataset_gris\9936.jpg,9936
dataset_gris\76340.jpg,76340
dataset_gris\65290.jpg,65290
dataset_gris\72643.jpg,72643
dataset_gris\32481.jpg,32481
dataset_gris\78776.jpg,78776
dataset_gris\4012.jpg,4012
dataset_gris\57214.jpg,57214
dataset_gris\50116.jpg,50116
dataset_gris\83031.jpg,83031
dataset_gris\16404.jpg,16404
dataset_gris\66898.jpg,66898
dataset_gris\46085.jpg,46085
dataset_gris\27523.jpg,27523
dataset_gris\62488.jpg,62488
dataset_gris\49410.jpg,49410
dataset_gris\14504.jpg,14504
dataset_gris\21457.jpg,21457
dataset_gris\46623.jpg,46623
dataset_gris\91015.jpg,91015
dataset_gris\22740.jpg,22740
dataset_gris\94481.jpg,94481
dataset_gris\2096.jpg,2096
dataset_gris\85282.jpg,85282
dataset_gris\68342.jpg,68342
dataset_gris\63203.jpg,63203
dataset_gris\68600.jpg,68600
dataset_gris\71368.jpg,71368
dataset_gris\9589.jpg,9589
dataset_gris\29505.jpg,29505
dataset_gris\92150.jpg,92150
dataset_gris\68900.jpg,68900
dataset_gris\39938.jpg,39938
dataset_gris\66133.jpg,66133
dataset_gris\70545.jpg,70545
dataset_gris\3923.jpg,3923
dataset_gris\494557.jpg,494557
dataset_gris\9654.jpg,9654
dataset_gris\83303.jpg,83303
dataset_gris\46162.jpg,46162
dataset_gris\31641.jpg,31641
dataset_gris\11618.jpg,11618
dataset_gris\27378.jpg,27378
dataset_gris\85354.jpg,85354
dataset_gris\72488.jpg,72488
dataset_gris\23740.jpg,23740
dataset_gris\8051.jpg,8051
dataset_gris\16897.jpg,16897
dataset_gris\55708.jpg,55708
dataset_gris\71124.jpg,71124
dataset_gris\5285.jpg,5285
dataset_gris\59583.jpg,59583
dataset_gris\89973.jpg,89973
dataset_gris\87635.jpg,87635
dataset_gris\96972.jpg,96972
dataset_gris\55265.jpg,55265
dataset_gris\66091.jpg,66091
dataset_gris\83149.jpg,83149
dataset_gris\1691.jpg,1691
dataset_gris\37586.jpg,37586
dataset_gris\27695.jpg,27695
dataset_gris\23445.jpg,23445
dataset_gris\10049.jpg,10049
dataset_gris\49190.jpg,49190
dataset_gris\48903.jpg,48903
dataset_gris\79675.jpg,79675
dataset_gris\59880.jpg,59880
dataset_gris\32528.jpg,32528
dataset_gris\23953.jpg,23953
dataset_gris\45136.jpg,45136
dataset_gris\37841.jpg,37841
dataset_gris\6977.jpg,6977
dataset_gris\67623.jpg,67623
dataset_gris\42955.jpg,42955
dataset_gris\64682.jpg,64682
dataset_gris\72911.jpg,72911
dataset_gris\72656.jpg,72656
dataset_gris\17013.jpg,17013
dataset_gris\3017.jpg,3017
dataset_gris\23405.jpg,23405
dataset_gris\69539.jpg,69539
dataset_gris\68851.jpg,68851
dataset_gris\61134.jpg,61134
dataset_gris\39173.jpg,39173
dataset_gris\33188.jpg,33188
dataset_gris\91418.jpg,91418
dataset_gris\87660.jpg,87660
dataset_gris\23084.jpg,23084
dataset_gris\45833.jpg,45833
dataset_gris\89707.jpg,89707
dataset_gris\74418.jpg,74418
dataset_gris\38860.jpg,38860
dataset_gris\1187.jpg,1187
dataset_gris\39089.jpg,39089
dataset_gris\66182.jpg,66182
dataset_gris\37633.jpg,37633
dataset_gris\98065.jpg,98065
dataset_gris\14689.jpg,14689
dataset_gris\55880.jpg,55880
dataset_gris\14235.jpg,14235
dataset_gris\59014.jpg,59014
dataset_gris\25726.jpg,25726
dataset_gris\10187.jpg,10187
dataset_gris\35407.jpg,35407
dataset_gris\28796.jpg,28796
dataset_gris\8030.jpg,8030
dataset_gris\3195.jpg,3195
dataset_gris\19291.jpg,19291
dataset_gris\19474.jpg,19474
dataset_gris\54811.jpg,54811
dataset_gris\58201.jpg,58201
dataset_gris\76898.jpg,76898
dataset_gris\47250.jpg,47250
dataset_gris\52129.jpg,52129
dataset_gris\26761.jpg,26761
dataset_gris\27928.jpg,27928
dataset_gris\38884.jpg,38884
dataset_gris\2873.jpg,2873
dataset_gris\76459.jpg,76459
dataset_gris\13.jpg,13
dataset_gris\75876.jpg,75876
dataset_gris\76213.jpg,76213
dataset_gris\11672.jpg,11672
dataset_gris\81682.jpg,81682
dataset_gris\71986.jpg,71986
dataset_gris\42317.jpg,42317
dataset_gris\98212.jpg,98212
dataset_gris\18288.jpg,18288
dataset_gris\89128.jpg,89128
dataset_gris\94236.jpg,94236
dataset_gris\55893.jpg,55893
dataset_gris\57554.jpg,57554
dataset_gris\52975.jpg,52975
dataset_gris\61240.jpg,61240
dataset_gris\32466.jpg,32466
dataset_gris\1127.jpg,1127
dataset_gris\11348.jpg,11348
dataset_gris\41686.jpg,41686
dataset_gris\37067.jpg,37067
dataset_gris\54395.jpg,54395
dataset_gris\65890.jpg,65890
dataset_gris\49650.jpg,49650
dataset_gris\13346.jpg,13346
dataset_gris\12320.jpg,12320
dataset_gris\43614.jpg,43614
dataset_gris\30312.jpg,30312
dataset_gris\4096.jpg,4096
dataset_gris\59729.jpg,59729
dataset_gris\52437.jpg,52437
dataset_gris\58044.jpg,58044
dataset_gris\75102.jpg,75102
dataset_gris\38736.jpg,38736
dataset_gris\69092.jpg,69092
dataset_gris\71838.jpg,71838
dataset_gris\75630.jpg,75630
dataset_gris\78454.jpg,78454
dataset_gris\67034.jpg,67034
dataset_gris\54965.jpg,54965
dataset_gris\25377.jpg,25377
dataset_gris\15009.jpg,15009
dataset_gris\6371.jpg,6371
dataset_gris\65493.jpg,65493
dataset_gris\56360.jpg,56360
dataset_gris\11576.jpg,11576
dataset_gris\54427.jpg,54427
dataset_gris\12607.jpg,12607
dataset_gris\1418.jpg,1418
dataset_gris\53137.jpg,53137
dataset_gris\52547.jpg,52547
dataset_gris\75472.jpg,75472
dataset_gris\1219.jpg,1219
dataset_gris\20194.jpg,20194
dataset_gris\34834.jpg,34834
dataset_gris\73826.jpg,73826
dataset_gris\97303.jpg,97303
dataset_gris\74655.jpg,74655
dataset_gris\40622.jpg,40622
dataset_gris\97718.jpg,97718
dataset_gris\69083.jpg,69083
dataset_gris\3467.jpg,3467
dataset_gris\35168.jpg,35168
dataset_gris\91263.jpg,91263
dataset_gris\47440.jpg,47440
dataset_gris\11702.jpg,11702
dataset_gris\12979.jpg,12979
dataset_gris\38280.jpg,38280
dataset_gris\94770.jpg,94770
dataset_gris\38023.jpg,38023
dataset_gris\97575.jpg,97575
dataset_gris\94212.jpg,94212
dataset_gris\28675.jpg,28675
dataset_gris\16709.jpg,16709
dataset_gris\17229.jpg,17229
dataset_gris\81050.jpg,81050
dataset_gris\30092.jpg,30092
dataset_gris\20151.jpg,20151
dataset_gris\99082.jpg,99082
dataset_gris\9798.jpg,9798
dataset_gris\79681.jpg,79681
dataset_gris\91913.jpg,91913
dataset_gris\56129.jpg,56129
dataset_gris\51042.jpg,51042
dataset_gris\64619.jpg,64619
dataset_gris\29301.jpg,29301
dataset_gris\25597.jpg,25597
dataset_gris\40508.jpg,40508
dataset_gris\21610.jpg,21610
dataset_gris\34558.jpg,34558
dataset_gris\55843.jpg,55843
dataset_gris\76873.jpg,76873
dataset_gris\53078.jpg,53078
dataset_gris\4552.jpg,4552
dataset_gris\47404.jpg,47404
dataset_gris\17711.jpg,17711
dataset_gris\29078.jpg,29078
dataset_gris\52662.jpg,52662
dataset_gris\63348.jpg,63348
dataset_gris\94595.jpg,94595
dataset_gris\77276.jpg,77276
dataset_gris\24725.jpg,24725
dataset_gris\59607.jpg,59607
dataset_gris\42109.jpg,42109
dataset_gris\1066.jpg,1066
dataset_gris\20498.jpg,20498
dataset_gris\38095.jpg,38095
dataset_gris\76736.jpg,76736
dataset_gris\85116.jpg,85116
dataset_gris\59527.jpg,59527
dataset_gris\66533.jpg,66533
dataset_gris\73930.jpg,73930
dataset_gris\56621.jpg,56621
dataset_gris\10171.jpg,10171
dataset_gris\32301.jpg,32301
dataset_gris\45986.jpg,45986
dataset_gris\83103.jpg,83103
dataset_gris\34262.jpg,34262
dataset_gris\56933.jpg,56933
dataset_gris\2717.jpg,2717
dataset_gris\27379.jpg,27379
dataset_gris\92503.jpg,92503
dataset_gris\50546.jpg,50546
dataset_gris\60182.jpg,60182
dataset_gris\39917.jpg,39917
dataset_gris\7360.jpg,7360
dataset_gris\21711.jpg,21711
dataset_gris\85842.jpg,85842
dataset_gris\91417.jpg,91417
dataset_gris\23090.jpg,23090
dataset_gris\64568.jpg,64568
dataset_gris\52630.jpg,52630
dataset_gris\71634.jpg,71634
dataset_gris\2033.jpg,2033
dataset_gris\39768.jpg,39768
dataset_gris\2722.jpg,2722
dataset_gris\81947.jpg,81947
dataset_gris\22730.jpg,22730
dataset_gris\83875.jpg,83875
dataset_gris\37177.jpg,37177
dataset_gris\55286.jpg,55286
dataset_gris\42166.jpg,42166
dataset_gris\20577.jpg,20577
dataset_gris\49444.jpg,49444
dataset_gris\9671.jpg,9671
dataset_gris\86792.jpg,86792
dataset_gris\52655.jpg,52655
dataset_gris\27087.jpg,27087
dataset_gris\38689.jpg,38689
dataset_gris\54273.jpg,54273
dataset_gris\68941.jpg,68941
dataset_gris\68430.jpg,68430
dataset_gris\37565.jpg,37565
dataset_gris\76910.jpg,76910
dataset_gris\81261.jpg,81261
dataset_gris\19482.jpg,19482
dataset_gris\16388.jpg,16388
dataset_gris\58058.jpg,58058
dataset_gris\79435.jpg,79435
dataset_gris\37326.jpg,37326
dataset_gris\17508.jpg,17508
dataset_gris\7128.jpg,7128
dataset_gris\39762.jpg,39762
dataset_gris\78317.jpg,78317
dataset_gris\91734.jpg,91734
dataset_gris\66163.jpg,66163
dataset_gris\91317.jpg,91317
dataset_gris\5987.jpg,5987
dataset_gris\19301.jpg,19301
dataset_gris\47628.jpg,47628
dataset_gris\31384.jpg,31384
dataset_gris\89497.jpg,89497
dataset_gris\27097.jpg,27097
dataset_gris\92133.jpg,92133
dataset_gris\92901.jpg,92901
dataset_gris\59441.jpg,59441
dataset_gris\54161.jpg,54161
dataset_gris\74344.jpg,74344
dataset_gris\49214.jpg,49214
dataset_gris\1476.jpg,1476
dataset_gris\69154.jpg,69154
dataset_gris\42566.jpg,42566
dataset_gris\37337.jpg,37337
dataset_gris\9902.jpg,9902
dataset_gris\3060.jpg,3060
dataset_gris\42711.jpg,42711
dataset_gris\50693.jpg,50693
dataset_gris\49879.jpg,49879
dataset_gris\32021.jpg,32021
dataset_gris\87331.jpg,87331
dataset_gris\8973.jpg,8973
dataset_gris\63736.jpg,63736
dataset_gris\25622.jpg,25622
dataset_gris\67585.jpg,67585
dataset_gris\80083.jpg,80083
dataset_gris\16424.jpg,16424
dataset_gris\66352.jpg,66352
dataset_gris\93399.jpg,93399
dataset_gris\97267.jpg,97267
dataset_gris\73573.jpg,73573
dataset_gris\42464.jpg,42464
dataset_gris\25547.jpg,25547
dataset_gris\99305.jpg,99305
dataset_gris\35958.jpg,35958
dataset_gris\46912.jpg,46912
dataset_gris\86505.jpg,86505
dataset_gris\57928.jpg,57928
dataset_gris\27094.jpg,27094
dataset_gris\76820.jpg,76820
dataset_gris\92213.jpg,92213
dataset_gris\67525.jpg,67525
dataset_gris\93673.jpg,93673
dataset_gris\51232.jpg,51232
dataset_gris\47592.jpg,47592
dataset_gris\80679.jpg,80679
dataset_gris\45083.jpg,45083
dataset_gris\49193.jpg,49193
dataset_gris\50029.jpg,50029
dataset_gris\5537.jpg,5537
dataset_gris\1768.jpg,1768
dataset_gris\45749.jpg,45749
dataset_gris\60812.jpg,60812
dataset_gris\7850.jpg,7850
dataset_gris\87940.jpg,87940
dataset_gris\13648.jpg,13648
dataset_gris\90964.jpg,90964
dataset_gris\42233.jpg,42233
dataset_gris\35600.jpg,35600
dataset_gris\46486.jpg,46486
dataset_gris\90241.jpg,90241
dataset_gris\82671.jpg,82671
dataset_gris\36157.jpg,36157
dataset_gris\32162.jpg,32162
dataset_gris\6372.jpg,6372
dataset_gris\9328.jpg,9328
dataset_gris\97496.jpg,97496
dataset_gris\22099.jpg,22099
dataset_gris\58003.jpg,58003
dataset_gris\67205.jpg,67205
dataset_gris\3554.jpg,3554
dataset_gris\79756.jpg,79756
dataset_gris\10958.jpg,10958
dataset_gris\71707.jpg,71707
dataset_gris\29745.jpg,29745
dataset_gris\52361.jpg,52361
dataset_gris\23000.jpg,23000
dataset_gris\73252.jpg,73252
dataset_gris\23508.jpg,23508
dataset_gris\86903.jpg,86903
dataset_gris\69933.jpg,69933
dataset_gris\12409.jpg,12409
dataset_gris\88250.jpg,88250
dataset_gris\74358.jpg,74358
dataset_gris\80149.jpg,80149
dataset_gris\57947.jpg,57947
dataset_gris\81823.jpg,81823
dataset_gris\73687.jpg,73687
dataset_gris\23770.jpg,23770
dataset_gris\77735.jpg,77735
dataset_gris\32842.jpg,32842
dataset_gris\86471.jpg,86471
dataset_gris\21310.jpg,21310
dataset_gris\21394.jpg,21394
dataset_gris\78825.jpg,78825
dataset_gris\76226.jpg,76226
dataset_gris\8015.jpg,8015
dataset_gris\73011.jpg,73011
dataset_gris\92913.jpg,92913
dataset_gris\27930.jpg,27930
dataset_gris\34073.jpg,34073
dataset_gris\71897.jpg,71897
dataset_gris\63084.jpg,63084
dataset_gris\7073.jpg,7073
dataset_gris\17732.jpg,17732
dataset_gris\74316.jpg,74316
dataset_gris\49508.jpg,49508
dataset_gris\17220.jpg,17220
dataset_gris\59723.jpg,59723
dataset_gris\69892.jpg,69892
dataset_gris\86802.jpg,86802
dataset_gris\74785.jpg,74785
dataset_gris\84647.jpg,84647
dataset_gris\66448.jpg,66448
dataset_gris\71852.jpg,71852
dataset_gris\64301.jpg,64301
dataset_gris\15418.jpg,15418
dataset_gris\22446.jpg,22446
dataset_gris\587.jpg,587
dataset_gris\64148.jpg,64148
dataset_gris\26206.jpg,26206
dataset_gris\15168.jpg,15168
dataset_gris\72596.jpg,72596
dataset_gris\32427.jpg,32427
dataset_gris\48867.jpg,48867
dataset_gris\5880.jpg,5880
dataset_gris\34245.jpg,34245
dataset_gris\39472.jpg,39472
dataset_gris\57896.jpg,57896
dataset_gris\11459.jpg,11459
dataset_gris\51414.jpg,51414
dataset_gris\84268.jpg,84268
dataset_gris\35779.jpg,35779
dataset_gris\46121.jpg,46121
dataset_gris\88514.jpg,88514
dataset_gris\27782.jpg,27782
dataset_gris\94879.jpg,94879
dataset_gris\35344.jpg,35344
dataset_gris\53883.jpg,53883
dataset_gris\82212.jpg,82212
dataset_gris\23338.jpg,23338
dataset_gris\16268.jpg,16268
dataset_gris\48244.jpg,48244
dataset_gris\6769.jpg,6769
dataset_gris\63892.jpg,63892
dataset_gris\45104.jpg,45104
dataset_gris\91946.jpg,91946
dataset_gris\40381.jpg,40381
dataset_gris\10776.jpg,10776
dataset_gris\94507.jpg,94507
dataset_gris\45353.jpg,45353
dataset_gris\59603.jpg,59603
dataset_gris\59671.jpg,59671
dataset_gris\78992.jpg,78992
dataset_gris\53734.jpg,53734
dataset_gris\65430.jpg,65430
dataset_gris\76982.jpg,76982
dataset_gris\23918.jpg,23918
dataset_gris\86350.jpg,86350
dataset_gris\48521.jpg,48521
dataset_gris\60019.jpg,60019
dataset_gris\12468.jpg,12468
dataset_gris\81869.jpg,81869
dataset_gris\48157.jpg,48157
dataset_gris\21849.jpg,21849
dataset_gris\93173.jpg,93173
dataset_gris\51094.jpg,51094
dataset_gris\95841.jpg,95841
dataset_gris\99199.jpg,99199
dataset_gris\65339.jpg,65339
dataset_gris\49937.jpg,49937
dataset_gris\79102.jpg,79102
dataset_gris\31004.jpg,31004
dataset_gris\16453.jpg,16453
dataset_gris\27246.jpg,27246
dataset_gris\59277.jpg,59277
dataset_gris\72244.jpg,72244
dataset_gris\32863.jpg,32863
dataset_gris\22417.jpg,22417
dataset_gris\15174.jpg,15174
dataset_gris\56507.jpg,56507
dataset_gris\67900.jpg,67900
dataset_gris\33768.jpg,33768
dataset_gris\21526.jpg,21526
dataset_gris\41397.jpg,41397
dataset_gris\55888.jpg,55888
dataset_gris\39859.jpg,39859
dataset_gris\14773.jpg,14773
dataset_gris\50494.jpg,50494
dataset_gris\84196.jpg,84196
dataset_gris\50329.jpg,50329
dataset_gris\48051.jpg,48051
dataset_gris\13894.jpg,13894
dataset_gris\23630.jpg,23630
dataset_gris\15222.jpg,15222
dataset_gris\8982.jpg,8982
dataset_gris\82714.jpg,82714
dataset_gris\71531.jpg,71531
dataset_gris\16882.jpg,16882
dataset_gris\31633.jpg,31633
dataset_gris\1732.jpg,1732
dataset_gris\70921.jpg,70921
dataset_gris\71.jpg,71
dataset_gris\49061.jpg,49061
dataset_gris\1699.jpg,1699
dataset_gris\42231.jpg,42231
dataset_gris\94913.jpg,94913
dataset_gris\53975.jpg,53975
dataset_gris\73226.jpg,73226
dataset_gris\49652.jpg,49652
dataset_gris\88052.jpg,88052
dataset_gris\17528.jpg,17528
dataset_gris\63389.jpg,63389
dataset_gris\2733.jpg,2733
dataset_gris\47141.jpg,47141
dataset_gris\60031.jpg,60031
dataset_gris\67169.jpg,67169
dataset_gris\69428.jpg,69428
dataset_gris\3728.jpg,3728
dataset_gris\47589.jpg,47589
dataset_gris\6854.jpg,6854
dataset_gris\52052.jpg,52052
dataset_gris\55282.jpg,55282
dataset_gris\23320.jpg,23320
dataset_gris\56808.jpg,56808
dataset_gris\35115.jpg,35115
dataset_gris\78301.jpg,78301
dataset_gris\15370.jpg,15370
dataset_gris\3148.jpg,3148
dataset_gris\97757.jpg,97757
dataset_gris\81895.jpg,81895
dataset_gris\77598.jpg,77598
dataset_gris\51866.jpg,51866
dataset_gris\63306.jpg,63306
dataset_gris\19996.jpg,19996
dataset_gris\28838.jpg,28838
dataset_gris\54146.jpg,54146
dataset_gris\62420.jpg,62420
dataset_gris\44051.jpg,44051
dataset_gris\26967.jpg,26967
dataset_gris\1633.jpg,1633
dataset_gris\64540.jpg,64540
dataset_gris\55146.jpg,55146
dataset_gris\46229.jpg,46229
dataset_gris\10037.jpg,10037
dataset_gris\67089.jpg,67089
dataset_gris\50120.jpg,50120
dataset_gris\73222.jpg,73222
dataset_gris\14402.jpg,14402
dataset_gris\90944.jpg,90944
dataset_gris\18788.jpg,18788
dataset_gris\79684.jpg,79684
dataset_gris\15513.jpg,15513
dataset_gris\96550.jpg,96550
dataset_gris\14132.jpg,14132
dataset_gris\53305.jpg,53305
dataset_gris\69917.jpg,69917
dataset_gris\60105.jpg,60105
dataset_gris\95619.jpg,95619
dataset_gris\32633.jpg,32633
dataset_gris\5444.jpg,5444
dataset_gris\91517.jpg,91517
dataset_gris\72885.jpg,72885
dataset_gris\4241.jpg,4241
dataset_gris\71225.jpg,71225
dataset_gris\30102.jpg,30102
dataset_gris\93516.jpg,93516
dataset_gris\99887.jpg,99887
dataset_gris\79243.jpg,79243
dataset_gris\32471.jpg,32471
dataset_gris\34974.jpg,34974
dataset_gris\86054.jpg,86054
dataset_gris\48945.jpg,48945
dataset_gris\3206.jpg,3206
dataset_gris\85114.jpg,85114
dataset_gris\34429.jpg,34429
dataset_gris\79733.jpg,79733
dataset_gris\40467.jpg,40467
dataset_gris\84983.jpg,84983
dataset_gris\22292.jpg,22292
dataset_gris\8594.jpg,8594
dataset_gris\83660.jpg,83660
dataset_gris\3529.jpg,3529
dataset_gris\7607.jpg,7607
dataset_gris\37755.jpg,37755
dataset_gris\20022.jpg,20022
dataset_gris\74608.jpg,74608
dataset_gris\43931.jpg,43931
dataset_gris\367.jpg,367
dataset_gris\80187.jpg,80187
dataset_gris\15607.jpg,15607
dataset_gris\74121.jpg,74121
dataset_gris\7941.jpg,7941
dataset_gris\88765.jpg,88765
dataset_gris\42496.jpg,42496
dataset_gris\73343.jpg,73343
dataset_gris\80550.jpg,80550
dataset_gris\82406.jpg,82406
dataset_gris\71492.jpg,71492
dataset_gris\99724.jpg,99724
dataset_gris\52263.jpg,52263
dataset_gris\77360.jpg,77360
dataset_gris\33183.jpg,33183
dataset_gris\56600.jpg,56600
dataset_gris\57826.jpg,57826
dataset_gris\39653.jpg,39653
dataset_gris\53056.jpg,53056
dataset_gris\13128.jpg,13128
dataset_gris\21674.jpg,21674
dataset_gris\37613.jpg,37613
dataset_gris\62365.jpg,62365
dataset_gris\22100.jpg,22100
dataset_gris\31156.jpg,31156
dataset_gris\54028.jpg,54028
dataset_gris\93896.jpg,93896
dataset_gris\35425.jpg,35425
dataset_gris\89982.jpg,89982
dataset_gris\73913.jpg,73913
dataset_gris\14575.jpg,14575
dataset_gris\492.jpg,492
dataset_gris\84846.jpg,84846
dataset_gris\90956.jpg,90956
dataset_gris\30127.jpg,30127
dataset_gris\93131.jpg,93131
dataset_gris\58265.jpg,58265
dataset_gris\5680.jpg,5680
dataset_gris\78246.jpg,78246
dataset_gris\59777.jpg,59777
dataset_gris\68590.jpg,68590
dataset_gris\40217.jpg,40217
dataset_gris\70570.jpg,70570
dataset_gris\85806.jpg,85806
dataset_gris\16229.jpg,16229
dataset_gris\61227.jpg,61227
dataset_gris\55635.jpg,55635
dataset_gris\52404.jpg,52404
dataset_gris\73579.jpg,73579
dataset_gris\34667.jpg,34667
dataset_gris\21700.jpg,21700
dataset_gris\27305.jpg,27305
dataset_gris\82003.jpg,82003
dataset_gris\26955.jpg,26955
dataset_gris\20227.jpg,20227
dataset_gris\86380.jpg,86380
dataset_gris\38532.jpg,38532
dataset_gris\22843.jpg,22843
dataset_gris\10333.jpg,10333
dataset_gris\49217.jpg,49217
dataset_gris\40564.jpg,40564
dataset_gris\81116.jpg,81116
dataset_gris\16621.jpg,16621
dataset_gris\75364.jpg,75364
dataset_gris\52173.jpg,52173
dataset_gris\11396.jpg,11396
dataset_gris\52131.jpg,52131
dataset_gris\60427.jpg,60427
dataset_gris\85236.jpg,85236
dataset_gris\33890.jpg,33890
dataset_gris\15657.jpg,15657
dataset_gris\3483.jpg,3483
dataset_gris\30148.jpg,30148
dataset_gris\25838.jpg,25838
dataset_gris\97295.jpg,97295
dataset_gris\88990.jpg,88990
dataset_gris\33161.jpg,33161
dataset_gris\89398.jpg,89398
dataset_gris\26038.jpg,26038
dataset_gris\93813.jpg,93813
dataset_gris\6962.jpg,6962
dataset_gris\43225.jpg,43225
dataset_gris\50157.jpg,50157
dataset_gris\82418.jpg,82418
dataset_gris\16561.jpg,16561
dataset_gris\34081.jpg,34081
dataset_gris\15087.jpg,15087
dataset_gris\57999.jpg,57999
dataset_gris\34279.jpg,34279
dataset_gris\20581.jpg,20581
dataset_gris\22789.jpg,22789
dataset_gris\97866.jpg,97866
dataset_gris\21999.jpg,21999
dataset_gris\78477.jpg,78477
dataset_gris\11882.jpg,11882
dataset_gris\64714.jpg,64714
dataset_gris\90074.jpg,90074
dataset_gris\99080.jpg,99080
dataset_gris\63095.jpg,63095
dataset_gris\94581.jpg,94581
dataset_gris\81228.jpg,81228
dataset_gris\39116.jpg,39116
dataset_gris\39586.jpg,39586
dataset_gris\42598.jpg,42598
dataset_gris\3579.jpg,3579
dataset_gris\60972.jpg,60972
dataset_gris\88303.jpg,88303
dataset_gris\55980.jpg,55980
dataset_gris\84591.jpg,84591
dataset_gris\48897.jpg,48897
dataset_gris\9026.jpg,9026
dataset_gris\38372.jpg,38372
dataset_gris\26569.jpg,26569
dataset_gris\96457.jpg,96457
dataset_gris\50573.jpg,50573
dataset_gris\50551.jpg,50551
dataset_gris\20138.jpg,20138
dataset_gris\15884.jpg,15884
dataset_gris\72878.jpg,72878
dataset_gris\54735.jpg,54735
dataset_gris\61391.jpg,61391
dataset_gris\16356.jpg,16356
dataset_gris\12627.jpg,12627
dataset_gris\25644.jpg,25644
dataset_gris\37276.jpg,37276
dataset_gris\94475.jpg,94475
dataset_gris\4501.jpg,4501
dataset_gris\59503.jpg,59503
dataset_gris\13754.jpg,13754
dataset_gris\72340.jpg,72340
dataset_gris\62379.jpg,62379
dataset_gris\48107.jpg,48107
dataset_gris\59633.jpg,59633
dataset_gris\94050.jpg,94050
dataset_gris\16504.jpg,16504
dataset_gris\42275.jpg,42275
dataset_gris\96232.jpg,96232
dataset_gris\75018.jpg,75018
dataset_gris\52321.jpg,52321
dataset_gris\50412.jpg,50412
dataset_gris\77546.jpg,77546
dataset_gris\56176.jpg,56176
dataset_gris\78706.jpg,78706
dataset_gris\6254.jpg,6254
dataset_gris\6480.jpg,6480
dataset_gris\41170.jpg,41170
dataset_gris\25506.jpg,25506
dataset_gris\50452.jpg,50452
dataset_gris\7815.jpg,7815
dataset_gris\44802.jpg,44802
dataset_gris\674.jpg,674
dataset_gris\8060.jpg,8060
dataset_gris\62771.jpg,62771
dataset_gris\81985.jpg,81985
dataset_gris\90804.jpg,90804
dataset_gris\30440.jpg,30440
dataset_gris\17785.jpg,17785
dataset_gris\79739.jpg,79739
dataset_gris\11807.jpg,11807
dataset_gris\59876.jpg,59876
dataset_gris\20247.jpg,20247
dataset_gris\17799.jpg,17799
dataset_gris\73745.jpg,73745
dataset_gris\34594.jpg,34594
dataset_gris\35652.jpg,35652
dataset_gris\60263.jpg,60263
dataset_gris\88860.jpg,88860
dataset_gris\3660.jpg,3660
dataset_gris\57669.jpg,57669
dataset_gris\25434.jpg,25434
dataset_gris\17252.jpg,17252
dataset_gris\48972.jpg,48972
dataset_gris\17966.jpg,17966
dataset_gris\50389.jpg,50389
dataset_gris\52276.jpg,52276
dataset_gris\81313.jpg,81313
dataset_gris\25023.jpg,25023
dataset_gris\71752.jpg,71752
dataset_gris\51884.jpg,51884
dataset_gris\23358.jpg,23358
dataset_gris\96721.jpg,96721
dataset_gris\50220.jpg,50220
dataset_gris\72892.jpg,72892
dataset_gris\12292.jpg,12292
dataset_gris\20011.jpg,20011
dataset_gris\172.jpg,172
dataset_gris\29109.jpg,29109
dataset_gris\71693.jpg,71693
dataset_gris\37316.jpg,37316
dataset_gris\69739.jpg,69739
dataset_gris\92833.jpg,92833
dataset_gris\88743.jpg,88743
dataset_gris\42550.jpg,42550
dataset_gris\80405.jpg,80405
dataset_gris\58956.jpg,58956
dataset_gris\51784.jpg,51784
dataset_gris\1707.jpg,1707
dataset_gris\68720.jpg,68720
dataset_gris\21856.jpg,21856
dataset_gris\61763.jpg,61763
dataset_gris\28648.jpg,28648
dataset_gris\83448.jpg,83448
dataset_gris\61140.jpg,61140
dataset_gris\30622.jpg,30622
dataset_gris\39872.jpg,39872
dataset_gris\86355.jpg,86355
dataset_gris\82870.jpg,82870
dataset_gris\62137.jpg,62137
dataset_gris\20746.jpg,20746
dataset_gris\79905.jpg,79905
dataset_gris\92941.jpg,92941
dataset_gris\53457.jpg,53457
dataset_gris\77720.jpg,77720
dataset_gris\34887.jpg,34887
dataset_gris\89961.jpg,89961
dataset_gris\7605.jpg,7605
dataset_gris\176.jpg,176
dataset_gris\84126.jpg,84126
dataset_gris\65519.jpg,65519
dataset_gris\57674.jpg,57674
dataset_gris\73929.jpg,73929
dataset_gris\86115.jpg,86115
dataset_gris\37137.jpg,37137
dataset_gris\30709.jpg,30709
dataset_gris\99993.jpg,99993
dataset_gris\60449.jpg,60449
dataset_gris\933.jpg,933
dataset_gris\42940.jpg,42940
dataset_gris\10889.jpg,10889
dataset_gris\69297.jpg,69297
dataset_gris\95806.jpg,95806
dataset_gris\66720.jpg,66720
dataset_gris\20579.jpg,20579
dataset_gris\24576.jpg,24576
dataset_gris\49859.jpg,49859
dataset_gris\9848.jpg,9848
dataset_gris\47958.jpg,47958
dataset_gris\60864.jpg,60864
dataset_gris\97871.jpg,97871
dataset_gris\6128.jpg,6128
dataset_gris\50251.jpg,50251
dataset_gris\23990.jpg,23990
dataset_gris\80579.jpg,80579
dataset_gris\5539.jpg,5539
dataset_gris\82791.jpg,82791
